,Report Month,Guild,Expense Category,Work Category,Squad,Date,Expense Sub Category,Description,Assignee,Final Payment USD,Token Amount,Token Symbol,Incoming/Outgoing,To Address,Source
0,Aug-22,Community,Bounty,Bounty,Data Squad,9/12/2022,TBD,Bounty payments August + first week of September,,225,225,USDC,Outgoing,0xbF0f24fD34bC76CD6d8Eb37cc99d4477ed3a98FB,parcel_community
1,Aug-22,Community,Bounty,Bounty,Data Squad,9/12/2022,TBD,Bounty payments August + first week of September,,25.92,13.44086022,ANT,Outgoing,0xbF0f24fD34bC76CD6d8Eb37cc99d4477ed3a98FB,parcel_community
2,Aug-22,Community,Bounty,Bounty,,9/12/2022,TBD,Bounty payments August + first week of September,FMurphy#8381,385.7,200,ANT,Outgoing,0xdF2B0B3A8db9D5DDb285bD26D296f9D78CA4cF7f,parcel_community
3,Aug-22,Community,Bounty,Bounty,,9/12/2022,TBD,Bounty payments August + first week of September,,103.68,53.76344086,ANT,Outgoing,0x476ECEe2dE6E667e0CD5a8CaFF49e9e8926c11Eb,parcel_community
4,Aug-22,Community,Bounty,Bounty,,9/12/2022,TBD,Bounty payments August + first week of September,,900,900,USDC,Outgoing,0x476ECEe2dE6E667e0CD5a8CaFF49e9e8926c11Eb,parcel_community
5,Sep-22,Community,Bounty,Community Creator Gigs,Data Squad,9/12/2022,Community Development & Support,Self Care with Fabs - August,Fabs,,,ANT,,0xbF0f24fD34bC76CD6d8Eb37cc99d4477ed3a98FB,dework
6,Sep-22,Community,Bounty,Community Creator Gigs,Data Squad,9/12/2022,Community Development & Support,Self Care with Fabs - August,Fabs,,,USDC,,0xbF0f24fD34bC76CD6d8Eb37cc99d4477ed3a98FB,dework
7,Sep-22,Community,Bounty,Community Creator Gigs,,9/12/2022,Community Development & Support,Discord Introductions & Discussion,kndlexi,103.68,53.76,ANT,,0x476ECEe2dE6E667e0CD5a8CaFF49e9e8926c11Eb,dework
8,Sep-22,Community,Bounty,Community Creator Gigs,,9/12/2022,Community Development & Support,Discord Introductions & Discussion,kndlexi,900,900,USDC,,0x476ECEe2dE6E667e0CD5a8CaFF49e9e8926c11Eb,dework
9,Sep-22,Community,Bounty,Community Creator Gigs,,9/12/2022,Community Development & Support,Layer3 Contests,FMurphy,,,ANT,,0xdF2B0B3A8db9D5DDb285bD26D296f9D78CA4cF7f,dework
10,Aug-22,Community,Bounty,Community Experience Squad Open Bounties,Data Squad,8/17/2022,Community Development & Support,Self Care with Fabs,Fabs,,,USDC,,0xbF0f24fD34bC76CD6d8Eb37cc99d4477ed3a98FB,dework
11,Aug-22,Community,Bounty,Community Experience Squad Open Bounties,Data Squad,8/17/2022,Community Development & Support,Self Care with Fabs,Fabs,,,ANT,,0xbF0f24fD34bC76CD6d8Eb37cc99d4477ed3a98FB,dework
12,Aug-22,Community,Bounty,Community Experience Squad Open Bounties,,8/17/2022,Community Development & Support,AMA Coordination,temitope,,,USDC,,0x17374EAF27D2646Cd39399f41bE3Bf95b4b997A9,dework
13,Aug-22,Community,Bounty,Community Experience Squad Open Bounties,,8/17/2022,Community Development & Support,AMA Coordination,temitope,,,ANT,,0x17374EAF27D2646Cd39399f41bE3Bf95b4b997A9,dework
14,Aug-22,Community,Core Contributor Rewards,Core Contributor Rewards,,9/12/2022,Salaries and other compensation,Monthly Core Contributor Rewards for Community Guild (August),Cdogg#1999,3600,3600,USDC,Outgoing,0xFDcAED0d50026621B4eB07E74e5DBdcb9971688b,parcel_community
15,Aug-22,Community,Core Contributor Rewards,Core Contributor Rewards,,9/12/2022,Salaries and other compensation,Monthly Core Contributor Rewards for Community Guild (August),Cdogg#1999,390.84,202.6650453,ANT,Outgoing,0xFDcAED0d50026621B4eB07E74e5DBdcb9971688b,parcel_community
16,Aug-22,Community,Core Contributor Rewards,Core Contributor Rewards,,9/12/2022,Salaries and other compensation,Monthly Core Contributor Rewards for Community Guild (August),iamcraftyarl#7867,3600,3600,USDC,Outgoing,0xEAE65c628996F47914f37937d7bDDbCCB53f8FC2,parcel_community
17,Aug-22,Community,Core Contributor Rewards,Core Contributor Rewards,,9/12/2022,Salaries and other compensation,Monthly Core Contributor Rewards for Community Guild (August),iamcraftyarl#7867,390.84,202.6650453,ANT,Outgoing,0xEAE65c628996F47914f37937d7bDDbCCB53f8FC2,parcel_community
18,Aug-22,Community,Core Contributor Rewards,Core Contributor Rewards,,9/12/2022,Salaries and other compensation,Monthly Core Contributor Rewards for Community Guild (August),blockchainlore#6080,3600,3600,USDC,Outgoing,0x1AdD50d7E889ad676Ed50d17930Ee790D784713C,parcel_community
19,Aug-22,Community,Core Contributor Rewards,Core Contributor Rewards,,9/12/2022,Salaries and other compensation,Monthly Core Contributor Rewards for Community Guild (August),blockchainlore#6080,390.84,202.6650453,ANT,Outgoing,0x1AdD50d7E889ad676Ed50d17930Ee790D784713C,parcel_community
20,Aug-22,Community,Core Contributor Rewards,Core Contributor Rewards,,9/12/2022,Salaries and other compensation,Monthly Core Contributor Rewards for Community Guild (August),shawnzywonzie#4546,5400,5400,USDC,Outgoing,0xF67825D3bdE95a0Bbb1a063e06D51b79e7061C05,parcel_community
21,Aug-22,Community,Core Contributor Rewards,Core Contributor Rewards,,9/12/2022,Salaries and other compensation,Monthly Core Contributor Rewards for Community Guild (August),shawnzywonzie#4546,586.26,303.997568,ANT,Outgoing,0xF67825D3bdE95a0Bbb1a063e06D51b79e7061C05,parcel_community
22,Aug-22,Community,Core Contributor Rewards,Core Contributor Rewards,,9/12/2022,Salaries and other compensation,Monthly Core Contributor Rewards for Community Guild (August),Incandenza#1594,1800,1800,USDC,Outgoing,0x91bfd8A63e1ae35AaaF44420a169F46dcE74d138,parcel_community
23,Aug-22,Community,Core Contributor Rewards,Core Contributor Rewards,,9/12/2022,Salaries and other compensation,Monthly Core Contributor Rewards for Community Guild (August),Incandenza#1594,195.42,101.3325227,ANT,Outgoing,0x91bfd8A63e1ae35AaaF44420a169F46dcE74d138,parcel_community
24,Aug-22,Community,Core Contributor Rewards,Core Contributor Rewards,,9/12/2022,Salaries and other compensation,Monthly Core Contributor Rewards for Community Guild (August),Ellisliu.x#0931,1800,1800,USDC,Outgoing,0x9Bb4Bd0E683d7139bf6de998aB363A819C06A5Ed,parcel_community
25,Aug-22,Community,Core Contributor Rewards,Core Contributor Rewards,,9/12/2022,Salaries and other compensation,Monthly Core Contributor Rewards for Community Guild (August),Ellisliu.x#0931,195.42,101.3325227,ANT,Outgoing,0x9Bb4Bd0E683d7139bf6de998aB363A819C06A5Ed,parcel_community
26,Aug-22,Community,Core Contributor Rewards,Core Contributor Rewards,,9/12/2022,Salaries and other compensation,Monthly Core Contributor Rewards for Community Guild (August),phero#0347,1800,1800,USDC,Outgoing,0xeB31F26fC83bBC6D533751cD8C99F2cfa07cC35b,parcel_community
27,Aug-22,Community,Core Contributor Rewards,Core Contributor Rewards,,9/12/2022,Salaries and other compensation,Monthly Core Contributor Rewards for Community Guild (August),phero#0347,195.42,101.3325227,ANT,Outgoing,0xeB31F26fC83bBC6D533751cD8C99F2cfa07cC35b,parcel_community
28,Aug-22,Community,Core Contributor Rewards,Core Contributor Rewards,,9/12/2022,Salaries and other compensation,Monthly Core Contributor Rewards for Community Guild (August),FMurphy#8381,5400,5400,USDC,Outgoing,0xdF2B0B3A8db9D5DDb285bD26D296f9D78CA4cF7f,parcel_community
29,Aug-22,Community,Core Contributor Rewards,Core Contributor Rewards,,9/12/2022,Salaries and other compensation,Monthly Core Contributor Rewards for Community Guild (August),FMurphy#8381,586.26,303.997568,ANT,Outgoing,0xdF2B0B3A8db9D5DDb285bD26D296f9D78CA4cF7f,parcel_community
30,Aug-22,Community,Other,Other,,9/12/2022,TBD,--,,33975,33975,USDC,Incoming,0x59D5eD62F5AFe81Dea739E757bf7AD00bC533688,parcel_community
31,Aug-22,Community,Other,Other,,9/12/2022,TBD,--,,1.988E+15,1.988E+15,USDC,Incoming,0x59D5eD62F5AFe81Dea739E757bf7AD00bC533688,parcel_community
32,Sep-22,Eagle Ops,Bounty,Finance Creator Gigs,,9/12/2022,Treasury & Finance Management ,AUG Treasury Management Assistance,Hammad1412,,,ANT,,0x22477DfBb4070100DB643Cb18fF6A06A186e9408,dework
33,Sep-22,Eagle Ops,Bounty,Finance Creator Gigs,,9/12/2022,Treasury & Finance Management ,AUG Treasury Management Assistance,Hammad1412,,,USDC,,0x22477DfBb4070100DB643Cb18fF6A06A186e9408,dework
34,Aug-22,Eagle Ops,Bounty,Finance Squad ,Finance Squad,8/17/2022,Treasury & Finance Management ,Wrapping BTC --> wBTC,ricktik6,,,USDC,,0xDacf1065b12849298dc5B47EcE9553094000074F,dework
35,Aug-22,Eagle Ops,Bounty,Finance Squad ,Finance Squad,8/17/2022,Treasury & Finance Management ,Wrapping BTC --> wBTC,ricktik6,,,ANT,,0xDacf1065b12849298dc5B47EcE9553094000074F,dework
36,Aug-22,Eagle Ops,Bounty,Growth Squad Bounties,Data Squad,8/17/2022,Reporting & Insights,Social Media Survey,Fabs,,,ANT,,0xbF0f24fD34bC76CD6d8Eb37cc99d4477ed3a98FB,dework
37,Aug-22,Eagle Ops,Bounty,Growth Squad Bounties,Data Squad,8/17/2022,Reporting & Insights,Social Media Survey,Fabs,,,USDC,,0xbF0f24fD34bC76CD6d8Eb37cc99d4477ed3a98FB,dework
38,Aug-22,Eagle Ops,Bounty,Growth Squad Bounties,,8/17/2022,DAO education,"Content Bounty - ""How To Guide's""",Teafeh??,74.89,40.2,ANT,,0xc679ae22b817d88B060637B466f8FbC364B5D0aA,dework
39,Aug-22,Eagle Ops,Bounty,Growth Squad Bounties,,8/17/2022,DAO education,"Content Bounty - ""How To Guide's""",Teafeh??,720.14,720.14,USDC,,0xc679ae22b817d88B060637B466f8FbC364B5D0aA,dework
40,Aug-22,Eagle Ops,Core Contributor Rewards,Core Contributor Rewards,Data Squad,9/12/2022,Salaries and other compensation,Core Contributor Rewards August (Eagle Ops),nocibambi#3647,2700,2700,USDC,Outgoing,0xB5d08d891Ee61775BDDa71C7F5190573868309aE,parcel_ops
41,Aug-22,Eagle Ops,Core Contributor Rewards,Core Contributor Rewards,Data Squad,9/12/2022,Salaries and other compensation,Core Contributor Rewards August (Eagle Ops),nocibambi#3647,293.13,151.998784,ANT,Outgoing,0xB5d08d891Ee61775BDDa71C7F5190573868309aE,parcel_ops
42,Aug-22,Eagle Ops,Core Contributor Rewards,Core Contributor Rewards,Data Squad,9/12/2022,Salaries and other compensation,Core Contributor Rewards August (Eagle Ops),samkim#0726,2700,2700,USDC,Outgoing,0x62ccd316e91EE0A0448E97251CdfA4dc660F34dc,parcel_ops
43,Aug-22,Eagle Ops,Core Contributor Rewards,Core Contributor Rewards,Data Squad,9/12/2022,Salaries and other compensation,Core Contributor Rewards August (Eagle Ops),samkim#0726,293.13,151.998784,ANT,Outgoing,0x62ccd316e91EE0A0448E97251CdfA4dc660F34dc,parcel_ops
44,Aug-22,Eagle Ops,Core Contributor Rewards,Core Contributor Rewards,Data Squad,9/12/2022,Salaries and other compensation,Core Contributor Rewards August (Eagle Ops),Fabs#8423,3600,3600,USDC,Outgoing,0xbF0f24fD34bC76CD6d8Eb37cc99d4477ed3a98FB,parcel_ops
45,Aug-22,Eagle Ops,Core Contributor Rewards,Core Contributor Rewards,Data Squad,9/12/2022,Salaries and other compensation,Core Contributor Rewards August (Eagle Ops),Fabs#8423,390.84,202.6650453,ANT,Outgoing,0xbF0f24fD34bC76CD6d8Eb37cc99d4477ed3a98FB,parcel_ops
46,Aug-22,Eagle Ops,Core Contributor Rewards,Core Contributor Rewards,Finance Squad,9/12/2022,Salaries and other compensation,Core Contributor Rewards August (Eagle Ops),Aclay#5891,900,900,USDC,Outgoing,0x580e5E54055d087D7F012dD43e54cceaE9ce4265,parcel_ops
47,Aug-22,Eagle Ops,Core Contributor Rewards,Core Contributor Rewards,Finance Squad,9/12/2022,Salaries and other compensation,Core Contributor Rewards August (Eagle Ops),Aclay#5891,97.71,50.66626134,ANT,Outgoing,0x580e5E54055d087D7F012dD43e54cceaE9ce4265,parcel_ops
48,Aug-22,Eagle Ops,Core Contributor Rewards,Core Contributor Rewards,Finance Squad,9/12/2022,Salaries and other compensation,Core Contributor Rewards August (Eagle Ops),ricktik6#0196,5400,5400,USDC,Outgoing,0xDacf1065b12849298dc5B47EcE9553094000074F,parcel_ops
49,Aug-22,Eagle Ops,Core Contributor Rewards,Core Contributor Rewards,Finance Squad,9/12/2022,Salaries and other compensation,Core Contributor Rewards August (Eagle Ops),ricktik6#0196,586.26,303.997568,ANT,Outgoing,0xDacf1065b12849298dc5B47EcE9553094000074F,parcel_ops
50,Aug-22,Eagle Ops,Core Contributor Rewards,Core Contributor Rewards,Legal Squad,9/12/2022,Salaries and other compensation,Core Contributor Rewards August (Eagle Ops),lion917#3637,5400,5400,USDC,Outgoing,0x7480Fa1a219F548E121F5a8F2bbF81eC61EfC318,parcel_ops
51,Aug-22,Eagle Ops,Core Contributor Rewards,Core Contributor Rewards,Legal Squad,9/12/2022,Salaries and other compensation,Core Contributor Rewards August (Eagle Ops),lion917#3637,586.26,303.997568,ANT,Outgoing,0x7480Fa1a219F548E121F5a8F2bbF81eC61EfC318,parcel_ops
52,Aug-22,Eagle Ops,Core Contributor Rewards,Core Contributor Rewards,Ops Squad,9/12/2022,Salaries and other compensation,Core Contributor Rewards August (Eagle Ops),ifun#9490,2250,2250,USDC,Outgoing,0x51d93270eA1aD2ad0506c3BE61523823400E114C,parcel_ops
53,Aug-22,Eagle Ops,Core Contributor Rewards,Core Contributor Rewards,Ops Squad,9/12/2022,Salaries and other compensation,Core Contributor Rewards August (Eagle Ops),ifun#9490,244.28,126.6656533,ANT,Outgoing,0x51d93270eA1aD2ad0506c3BE61523823400E114C,parcel_ops
54,Aug-22,Eagle Ops,Core Contributor Rewards,Core Contributor Rewards,Ops Squad,9/12/2022,Salaries and other compensation,Core Contributor Rewards August (Eagle Ops),Anukriti#6039,3600,3600,USDC,Outgoing,0xfE11aB456115186999724725fDf479A9569A641c,parcel_ops
55,Aug-22,Eagle Ops,Core Contributor Rewards,Core Contributor Rewards,Ops Squad,9/12/2022,Salaries and other compensation,Core Contributor Rewards August (Eagle Ops),Anukriti#6039,390.84,202.6650453,ANT,Outgoing,0xfE11aB456115186999724725fDf479A9569A641c,parcel_ops
56,Aug-22,Eagle Ops,Expense,Expenses,Finance Squad,9/12/2022,TBD,"0.2 ETH ($1,750 per ETH) for executing transactions (for August + September) --> 350 USDC

$79 expense that I made for Lion (to buy a Ledger)",ricktik6#0196,427.63,427.631579,USDC,Outgoing,0xDacf1065b12849298dc5B47EcE9553094000074F,parcel_ops
57,Aug-22,Eagle Ops,Other,Other,,9/12/2022,TBD,--,,112.5,112.5,USDC,Outgoing,0xe5fF2C80759db9408dC9fD22b155b851Cd5aAA94,parcel_ops
58,Aug-22,Eagle Ops,Other,Other,,9/12/2022,TBD,--,,24.11,12.5,ANT,Outgoing,0xe5fF2C80759db9408dC9fD22b155b851Cd5aAA94,parcel_ops
59,Aug-22,Eagle Ops,Other,Other,,9/12/2022,TBD,--,,450,450,USDC,Outgoing,0x1FCabBA469B151dF83a6A72Cdd1113c154F7A402,parcel_ops
60,Aug-22,Eagle Ops,Other,Other,,9/12/2022,TBD,--,,450,450,USDC,Outgoing,0xf14B772F060F1315CAce35aF31955f54952e464D,parcel_ops
61,Aug-22,Eagle Ops,Other,Other,,9/12/2022,TBD,--,,96.43,50,ANT,Outgoing,0x1FCabBA469B151dF83a6A72Cdd1113c154F7A402,parcel_ops
62,Aug-22,Eagle Ops,Other,Other,,9/12/2022,TBD,--,,96.43,50,ANT,Outgoing,0xf14B772F060F1315CAce35aF31955f54952e464D,parcel_ops
63,Aug-22,Eagle Ops,Other,Other,,9/12/2022,TBD,--,,207.37,107.5268817,ANT,Outgoing,0x22477DfBb4070100DB643Cb18fF6A06A186e9408,parcel_ops
64,Aug-22,Eagle Ops,Other,Other,,9/12/2022,TBD,--,,1800,1800,USDC,Outgoing,0x22477DfBb4070100DB643Cb18fF6A06A186e9408,parcel_ops
65,Aug-22,Eagle Ops,Other,Other,,9/12/2022,TBD,--,ricktik6#0196,45900,45900,USDC,Incoming,0x29675e48606cF67603D501B85496AC7a842dABC3,parcel_ops
66,Aug-22,Eagle Ops,Other,Other,,9/12/2022,TBD,--,ricktik6#0196,2.685E+15,2.685E+15,USDC,Incoming,0x29675e48606cF67603D501B85496AC7a842dABC3,parcel_ops
67,Sep-22,Other,Other,Data and Insights Squad Creator Gigs,,9/12/2022,Reporting & Insights,RMRF Planning Design,Adebola,450,450,USDC,,0x1FCabBA469B151dF83a6A72Cdd1113c154F7A402,dework
68,Sep-22,Other,Other,Data and Insights Squad Creator Gigs,,9/12/2022,Reporting & Insights,RMRF Planning Design,Adebola,96.43,50,ANT,,0x1FCabBA469B151dF83a6A72Cdd1113c154F7A402,dework
69,Sep-22,Other,Other,Data and Insights Squad Creator Gigs,,9/12/2022,Reporting & Insights,Dune Dashboard for Other competing DAO Ecosystems,Henrystats,24.11,12.5,ANT,,0xe5fF2C80759db9408dC9fD22b155b851Cd5aAA94,dework
70,Sep-22,Other,Other,Data and Insights Squad Creator Gigs,,9/12/2022,Reporting & Insights,Dune Dashboard for Other competing DAO Ecosystems,Henrystats,112.5,112.5,USDC,,0xe5fF2C80759db9408dC9fD22b155b851Cd5aAA94,dework
71,Sep-22,Other,Other,Data and Insights Squad Creator Gigs,,9/12/2022,Reporting & Insights,RMRF Planning Design,sumbo,450,450,USDC,,0xf14B772F060F1315CAce35aF31955f54952e464D,dework
72,Sep-22,Other,Other,Data and Insights Squad Creator Gigs,,9/12/2022,Reporting & Insights,RMRF Planning Design,sumbo,96.43,50,ANT,,0xf14B772F060F1315CAce35aF31955f54952e464D,dework
73,Sep-22,dGov,Bounty,dGov Creator Gigs,Ops Squad,9/12/2022,DAO education,AUG Knowledge Base _Library Tech II,ifun,36.29,18.82,ANT,,0x51d93270eA1aD2ad0506c3BE61523823400E114C,dework
74,Sep-22,dGov,Bounty,dGov Creator Gigs,Ops Squad,9/12/2022,DAO education,AUG Knowledge Base _Library Tech II,ifun,315,315,USDC,,0x51d93270eA1aD2ad0506c3BE61523823400E114C,dework
75,Aug-22,dGov,Bounty,dGov Creator Gigs,,8/17/2022,DAO education,AUG S2 Governance Library Curator,jugaadbhatia-18562,32.77,17.59,ANT,,0x09A7A49ca1807842E06636D6B38E64C1E7cDAAC4,dework
76,Aug-22,dGov,Bounty,dGov Creator Gigs,,8/17/2022,DAO education,AUG S2 Governance Library Curator,jugaadbhatia-18562,315,315,USDC,,0x09A7A49ca1807842E06636D6B38E64C1E7cDAAC4,dework
77,Sep-22,dGov,Bounty,dGov Creator Gigs,,9/12/2022,DAO education,AUG TAO Voting Documentation 1/2,Carla78,25.92,13.44,ANT,,0x6290D92321bD02f725e65633CbDdbda6205253fe,dework
78,Sep-22,dGov,Bounty,dGov Creator Gigs,,9/12/2022,DAO education,AUG TAO Voting Documentation 1/2,Carla78,225,225,USDC,,0x6290D92321bD02f725e65633CbDdbda6205253fe,dework
79,Sep-22,dGov,Bounty,dGov Creator Gigs,,9/12/2022,DAO education,AUG Knowledge Bases (4)_Library Tech I,iamcraftyarl,135,135,USDC,,0xEAE65c628996F47914f37937d7bDDbCCB53f8FC2,dework
80,Sep-22,dGov,Bounty,dGov Creator Gigs,,9/12/2022,DAO education,AUG Knowledge Bases (4)_Library Tech I,iamcraftyarl,15.54,8.06,ANT,,0xEAE65c628996F47914f37937d7bDDbCCB53f8FC2,dework
81,Sep-22,dGov,Bounty,dGov Creator Gigs,,9/12/2022,Governance Development & Support,AUG dGov Param Debates Facilitators,Incandenza,675,675,USDC,,0x91bfd8A63e1ae35AaaF44420a169F46dcE74d138,dework
82,Sep-22,dGov,Bounty,dGov Creator Gigs,,9/12/2022,Governance Development & Support,AUG dGov Param Debates Facilitators,Incandenza,77.76,40.32,ANT,,0x91bfd8A63e1ae35AaaF44420a169F46dcE74d138,dework
83,Sep-22,dGov,Bounty,dGov Creator Gigs,,9/12/2022,Governance Development & Support,AUG dGov Workshop Debrief,Incandenza,25.92,13.44,ANT,,0x91bfd8A63e1ae35AaaF44420a169F46dcE74d138,dework
84,Sep-22,dGov,Bounty,dGov Creator Gigs,,9/12/2022,Governance Development & Support,AUG dGov Workshop Debrief,Incandenza,225,225,USDC,,0x91bfd8A63e1ae35AaaF44420a169F46dcE74d138,dework
85,Sep-22,dGov,Bounty,dGov Creator Gigs,,9/12/2022,DAO education,AUG TAO Voting Documentation 1/2,anson,,,USDC,,0x9aB3971e1b065701C72C5f3cAFbF33118dC51ae9,dework
86,Sep-22,dGov,Bounty,dGov Creator Gigs,,9/12/2022,DAO education,AUG TAO Voting Documentation 1/2,anson,,,ANT,,0x9aB3971e1b065701C72C5f3cAFbF33118dC51ae9,dework
87,Sep-22,dGov,Bounty,dGov Creator Gigs,,9/12/2022,Governance Development & Support,AUG dGov Governance Tracking & Awareness,Spectra CryptoVerse,51.84,26.88,ANT,,0x96FBd75834FD9498f8b1E485D29541e74b8E6Ac7,dework
88,Sep-22,dGov,Bounty,dGov Creator Gigs,,9/12/2022,Governance Development & Support,AUG dGov Governance Tracking & Awareness,Spectra CryptoVerse,450,450,USDC,,0x96FBd75834FD9498f8b1E485D29541e74b8E6Ac7,dework
89,Sep-22,dGov,Bounty,dGov Creator Gigs,,9/12/2022,DAO education,AUG Knowledge Calalysts 1/3,El,,,USDC,,0x9Bb4Bd0E683d7139bf6de998aB363A819C06A5Ed,dework
90,Sep-22,dGov,Bounty,dGov Creator Gigs,,9/12/2022,DAO education,AUG Knowledge Calalysts 1/3,El,,,ANT,,0x9Bb4Bd0E683d7139bf6de998aB363A819C06A5Ed,dework
91,Sep-22,dGov,Bounty,dGov Creator Gigs,,9/12/2022,DAO education,AUG Knowledge Caltalysts 2/3,louisa,,,USDC,,0x80221B357685A45F83DEAe0216E01421993C9485,dework
92,Sep-22,dGov,Bounty,dGov Creator Gigs,,9/12/2022,Community Development & Support,AUG Community Call,louisa,,,USDC,,0x80221B357685A45F83DEAe0216E01421993C9485,dework
93,Sep-22,dGov,Bounty,dGov Creator Gigs,,9/12/2022,Community Development & Support,AUG Community Call,louisa,,,ANT,,0x80221B357685A45F83DEAe0216E01421993C9485,dework
94,Sep-22,dGov,Bounty,dGov Creator Gigs,,9/12/2022,DAO education,AUG Knowledge Caltalysts 2/3,louisa,,,ANT,,0x80221B357685A45F83DEAe0216E01421993C9485,dework
95,Sep-22,dGov,Bounty,dGov Creator Gigs,,9/12/2022,Governance Development & Support,AUG dGov S1 Twitter Review,kirstin,12.44,6.45,ANT,,0xE238982EAc6221836C183450b4a10e2a418500ED,dework
96,Sep-22,dGov,Bounty,dGov Creator Gigs,,9/12/2022,Governance Development & Support,AUG dGov S1 Twitter Review,kirstin,108,108,USDC,,0xE238982EAc6221836C183450b4a10e2a418500ED,dework
97,Sep-22,dGov,Bounty,dGov Creator Gigs,,9/12/2022,Governance Development & Support,AUG Quadratic Voting Fixes to Voting,freshelle,41.48,21.51,ANT,,0x38f80f8f76B1C44B2beeFB63bb561F570fb6ddB6,dework
98,Sep-22,dGov,Bounty,dGov Creator Gigs,,9/12/2022,Governance Development & Support,AUG Quadratic Voting Fixes to Voting,freshelle,360,360,USDC,,0x38f80f8f76B1C44B2beeFB63bb561F570fb6ddB6,dework
99,Sep-22,dGov,Bounty,dGov Creator Gigs,,9/12/2022,DAO education,AUG Knowledge Catalysts 3/3,MikeAnanyin[MetaBelarus],,,ANT,,0x6bD6FFD1c35A3F9732167D900bA38227253Ba913,dework
100,Sep-22,dGov,Bounty,dGov Creator Gigs,,9/12/2022,DAO education,AUG Knowledge Catalysts 3/3,MikeAnanyin[MetaBelarus],,,USDC,,0x6bD6FFD1c35A3F9732167D900bA38227253Ba913,dework
101,Aug-22,dTech,Bounty,Aragon Technical Documentation,,8/17/2022,DAO education,Aragon Client Apps review (DTG.P2.M6.N35),tony.alpha ??,31.2,16.75,ANT,,0xADc73EB8E4673e5FD5A9c709c4379c074991F2D3,dework
102,Aug-22,dTech,Bounty,Aragon Technical Documentation,,8/17/2022,DAO education,Aragon Client Apps review (DTG.P2.M6.N35),tony.alpha ??,300,300,USDC,,0xADc73EB8E4673e5FD5A9c709c4379c074991F2D3,dework
103,Aug-22,dTech,Bounty,Aragon Technical Documentation,,8/17/2022,DAO education,Aragon Client Apps review (DTG.P2.M6.N35),aakansha.eth,300,300,USDC,,0x06A1E83832aD7De314b4f82EfbC9591D0670A1e2,dework
104,Aug-22,dTech,Bounty,Aragon Technical Documentation,,8/17/2022,DAO education,Aragon Client Apps review (DTG.P2.M6.N35),aakansha.eth,31.2,16.75,ANT,,0x06A1E83832aD7De314b4f82EfbC9591D0670A1e2,dework
105,Aug-22,dTech,Bounty,Aragon Technical Documentation,,8/17/2022,DAO education,Creating Visual Docs - VideoGIF 'How to add a testnet on MetaMask wallet' (DTG.P2.M7.N478),Carla78,45,45,USDC,,0x6290D92321bD02f725e65633CbDdbda6205253fe,dework
106,Aug-22,dTech,Bounty,Aragon Technical Documentation,,8/17/2022,DAO education,Creating Visual Docs - VideoGIF 'How to add a testnet on MetaMask wallet' (DTG.P2.M7.N478),Carla78,4.68,2.51,ANT,,0x6290D92321bD02f725e65633CbDdbda6205253fe,dework
107,Aug-22,dTech,Bounty,Aragon Technical Documentation,,8/17/2022,DAO education,Creating Visual Docs - VideoGIF (DTG.P2.M6.N37),Carla78,90,90,USDC,,0x6290D92321bD02f725e65633CbDdbda6205253fe,dework
108,Aug-22,dTech,Bounty,Aragon Technical Documentation,,8/17/2022,DAO education,Creating Visual Docs - VideoGIF (DTG.P2.M6.N37),Carla78,9.37,5.03,ANT,,0x6290D92321bD02f725e65633CbDdbda6205253fe,dework
109,Aug-22,dTech,Bounty,Aragon Technical Documentation,,8/17/2022,DAO education,Aragon Client Apps review (DTG.P2.M6.N35),camel,31.2,16.75,ANT,,0x4a0a163d6b11B289075e667abf74118EFA4DB999,dework
110,Aug-22,dTech,Bounty,Aragon Technical Documentation,,8/17/2022,DAO education,Aragon Client Apps review (DTG.P2.M6.N35),camel,300,300,USDC,,0x4a0a163d6b11B289075e667abf74118EFA4DB999,dework
111,Aug-22,dTech,Bounty,Aragon Technical Documentation,,8/17/2022,DAO education,Proofread Tech Doc. III Part Dev. - (CLI) -  Native English Review (DTG.P2.M5.N4),anson,,,ANT,,0x9aB3971e1b065701C72C5f3cAFbF33118dC51ae9,dework
112,Aug-22,dTech,Bounty,Aragon Technical Documentation,,8/17/2022,DAO education,Proofread Tech Doc. III Part Dev. - (CLI) -  Native English Review (DTG.P2.M5.N4),anson,,,USDC,,0x9aB3971e1b065701C72C5f3cAFbF33118dC51ae9,dework
113,Aug-22,dTech,Bounty,Aragon Technical Documentation,,8/17/2022,DAO education,Creating Visual Docs - VideoGIF 'How to add a testnet on MetaMask wallet' (DTG.P2.M7.N478),IsraelRex,,,USDC,,0xd4ebc61981e5B9AB392b68f2638012E2346D534C,dework
114,Aug-22,dTech,Bounty,Aragon Technical Documentation,,8/17/2022,DAO education,Creating Visual Docs - VideoGIF 'How to add a testnet on MetaMask wallet' (DTG.P2.M7.N478),IsraelRex,,,ANT,,0xd4ebc61981e5B9AB392b68f2638012E2346D534C,dework
115,Aug-22,dTech,Bounty,Bounty,,9/12/2022,TBD,Bounty payments from August,,93.31,48.38709677,ANT,Outgoing,0x06A1E83832aD7De314b4f82EfbC9591D0670A1e2,parcel_dtech
116,Aug-22,dTech,Bounty,Bounty,,9/12/2022,TBD,Bounty payments from August,,810,810,USDC,Outgoing,0x06A1E83832aD7De314b4f82EfbC9591D0670A1e2,parcel_dtech
117,Aug-22,dTech,Bounty,Bounty,,9/12/2022,TBD,Bounty payments from August,,124.42,64.51612903,ANT,Outgoing,0x4a0a163d6b11B289075e667abf74118EFA4DB999,parcel_dtech
118,Aug-22,dTech,Bounty,Bounty,,9/12/2022,TBD,Bounty payments from August,,1080,1080,USDC,Outgoing,0x4a0a163d6b11B289075e667abf74118EFA4DB999,parcel_dtech
119,Aug-22,dTech,Bounty,Bounty,,9/12/2022,TBD,Bounty payments from August,,810,810,USDC,Outgoing,0xADc73EB8E4673e5FD5A9c709c4379c074991F2D3,parcel_dtech
120,Aug-22,dTech,Bounty,Bounty,,9/12/2022,TBD,Bounty payments from August,,93.31,48.38709677,ANT,Outgoing,0xADc73EB8E4673e5FD5A9c709c4379c074991F2D3,parcel_dtech
121,Aug-22,dTech,Bounty,dTech Creator Gigs,,8/17/2022,Tech Support,July Team Development (DTG.P1.M7.N473),tony.alpha ??,900,900,USDC,,0xADc73EB8E4673e5FD5A9c709c4379c074991F2D3,dework
122,Aug-22,dTech,Bounty,dTech Creator Gigs,,8/17/2022,Tech Support,July Team Development (DTG.P1.M7.N473),tony.alpha ??,93.61,50.25,ANT,,0xADc73EB8E4673e5FD5A9c709c4379c074991F2D3,dework
123,Aug-22,dTech,Bounty,dTech Creator Gigs,,8/17/2022,Tech Support,Contributor 2 coordinape percentage (DTG.P1.M7.N473),aakansha.eth,93.61,50.25,ANT,,0x06A1E83832aD7De314b4f82EfbC9591D0670A1e2,dework
124,Aug-22,dTech,Bounty,dTech Creator Gigs,,8/17/2022,Tech Support,Contributor 2 coordinape percentage (DTG.P1.M7.N473),aakansha.eth,900,900,USDC,,0x06A1E83832aD7De314b4f82EfbC9591D0670A1e2,dework
125,Aug-22,dTech,Bounty,dTech Creator Gigs,,8/17/2022,Tech Support,Contributor 3 coordinape percentage (DTG.P1.M7.N473),camel,93.61,50.25,ANT,,0x4a0a163d6b11B289075e667abf74118EFA4DB999,dework
126,Aug-22,dTech,Bounty,dTech Creator Gigs,,8/17/2022,Tech Support,Contributor 3 coordinape percentage (DTG.P1.M7.N473),camel,900,900,USDC,,0x4a0a163d6b11B289075e667abf74118EFA4DB999,dework
127,Aug-22,dTech,Bounty,dTech Creator Gigs,,8/17/2022,DAO education,Presenting 'Showing Around Aragon Client' Video (DTG.P1.M6.N476),clara.ruiz6,90,90,USDC,,0x8504084627C9145b2A3e24b6E4f925195C97CB5A,dework
128,Aug-22,dTech,Bounty,dTech Creator Gigs,,8/17/2022,DAO education,Presenting 'Showing Around Aragon Client' Video (DTG.P1.M6.N476),clara.ruiz6,9.37,5.03,ANT,,0x8504084627C9145b2A3e24b6E4f925195C97CB5A,dework
129,Aug-22,dTech,Bounty,dTech Creator Gigs,,8/17/2022,Tech Support,Thorough test/ review of new App: https://staging-app.aragon.org/ (DTG.P1.M7.N495),barukimang,576.12,576.12,USDC,,0x42c9A3f034592C39028AEa70A6e69Fbc6cCf6C31,dework
130,Aug-22,dTech,Bounty,dTech Creator Gigs,,8/17/2022,DAO education,Producing 'Showing Around Aragon Client' Video (DTG.P1.M6.N475),barukimang,135,135,USDC,,0x42c9A3f034592C39028AEa70A6e69Fbc6cCf6C31,dework
131,Aug-22,dTech,Bounty,dTech Creator Gigs,,8/17/2022,DAO education,Producing 'Showing Around Aragon Client' Video (DTG.P1.M6.N475),barukimang,14.05,7.54,ANT,,0x42c9A3f034592C39028AEa70A6e69Fbc6cCf6C31,dework
132,Aug-22,dTech,Bounty,dTech Creator Gigs,,8/17/2022,DAO education,Producing 'How to Create a Legal Wrapper' Video (DTG.P1.M6.N405),barukimang,34.63,18.59,ANT,,0x42c9A3f034592C39028AEa70A6e69Fbc6cCf6C31,dework
133,Aug-22,dTech,Bounty,dTech Creator Gigs,,8/17/2022,DAO education,Producing 'How to Create a Legal Wrapper' Video (DTG.P1.M6.N405),barukimang,333,333,USDC,,0x42c9A3f034592C39028AEa70A6e69Fbc6cCf6C31,dework
134,Aug-22,dTech,Bounty,dTech Creator Gigs,,8/17/2022,DAO education,Create dTech Reporting Template Prototype PoC (DTG.P1.M7.N498),barukimang,74.89,40.2,ANT,,0x42c9A3f034592C39028AEa70A6e69Fbc6cCf6C31,dework
135,Aug-22,dTech,Bounty,dTech Creator Gigs,,8/17/2022,DAO education,Create dTech Reporting Template Prototype PoC (DTG.P1.M7.N498),barukimang,720.14,720.14,USDC,,0x42c9A3f034592C39028AEa70A6e69Fbc6cCf6C31,dework
136,Aug-22,dTech,Bounty,dTech Creator Gigs,,8/17/2022,DAO education,Create dTech Reporting Template MVP (DTG.P1.M7.N497),barukimang,576.12,576.12,USDC,,0x42c9A3f034592C39028AEa70A6e69Fbc6cCf6C31,dework
137,Aug-22,dTech,Bounty,dTech Creator Gigs,,8/17/2022,DAO education,Create dTech Reporting Template MVP (DTG.P1.M7.N497),barukimang,59.91,32.16,ANT,,0x42c9A3f034592C39028AEa70A6e69Fbc6cCf6C31,dework
138,Aug-22,dTech,Bounty,dTech Creator Gigs,,8/17/2022,DAO education,Create dTech Reporting Template Prototype (DTG.P1.M7.N496),barukimang,26.21,14.07,ANT,,0x42c9A3f034592C39028AEa70A6e69Fbc6cCf6C31,dework
139,Aug-22,dTech,Bounty,dTech Creator Gigs,,8/17/2022,DAO education,Create dTech Reporting Template Prototype (DTG.P1.M7.N496),barukimang,252.05,252.05,USDC,,0x42c9A3f034592C39028AEa70A6e69Fbc6cCf6C31,dework
140,Aug-22,dTech,Bounty,dTech Creator Gigs,,8/17/2022,Tech Support,Thorough test/ review of new App: https://staging-app.aragon.org/ (DTG.P1.M7.N495),barukimang,59.91,32.16,ANT,,0x42c9A3f034592C39028AEa70A6e69Fbc6cCf6C31,dework
141,Sep-22,dTech,Bounty,dTech Creator Gigs,,9/12/2022,Tech Support,Team Development August 2022 1/3 (DTG.S2.M8.N628),tony.alpha ??,810,810,USDC,,0xADc73EB8E4673e5FD5A9c709c4379c074991F2D3,dework
142,Sep-22,dTech,Bounty,dTech Creator Gigs,,9/12/2022,Tech Support,Team Development August 2022 1/3 (DTG.S2.M8.N628),tony.alpha ??,93.32,48.39,ANT,,0xADc73EB8E4673e5FD5A9c709c4379c074991F2D3,dework
143,Sep-22,dTech,Bounty,dTech Creator Gigs,,9/12/2022,Tech Support,Team Development August 2022 3/3 (DTG.S2.M8.N630),aakansha.eth,93.32,48.39,ANT,,0x06A1E83832aD7De314b4f82EfbC9591D0670A1e2,dework
144,Sep-22,dTech,Bounty,dTech Creator Gigs,,9/12/2022,Tech Support,Team Development August 2022 3/3 (DTG.S2.M8.N630),aakansha.eth,810,810,USDC,,0x06A1E83832aD7De314b4f82EfbC9591D0670A1e2,dework
145,Sep-22,dTech,Bounty,dTech Creator Gigs,,9/12/2022,Tech Support,Team Development August 2022 2/3 (DTG.S2.M8.N629),camel,1080,1080,USDC,,0x4a0a163d6b11B289075e667abf74118EFA4DB999,dework
146,Sep-22,dTech,Bounty,dTech Creator Gigs,,9/12/2022,Tech Support,Team Development August 2022 2/3 (DTG.S2.M8.N629),camel,124.43,64.52,ANT,,0x4a0a163d6b11B289075e667abf74118EFA4DB999,dework
147,Aug-22,dTech,Core Contributor Rewards,Core Contributor Rewards,,9/12/2022,Salaries and other compensation,Core Contributor Rewards of dTech (August),Brent#2221,6750,6750,USDC,Outgoing,0x8c6d70c7e73eAD837e09EEF0a321824544C07BFE,parcel_dtech
148,Aug-22,dTech,Core Contributor Rewards,Core Contributor Rewards,,9/12/2022,Salaries and other compensation,Core Contributor Rewards of dTech (August),Brent#2221,739.34,383.3767827,ANT,Outgoing,0x8c6d70c7e73eAD837e09EEF0a321824544C07BFE,parcel_dtech
149,Aug-22,dTech,Core Contributor Rewards,Core Contributor Rewards,,9/12/2022,Salaries and other compensation,Core Contributor Rewards of dTech (August),Spectra CryptoVerse#6148,6750,6750,USDC,Outgoing,0x9dCE7602a512976f71639985d897D5AA78e41061,parcel_dtech
150,Aug-22,dTech,Core Contributor Rewards,Core Contributor Rewards,,9/12/2022,Salaries and other compensation,Core Contributor Rewards of dTech (August),Spectra CryptoVerse#6148,739.34,383.3767827,ANT,Outgoing,0x9dCE7602a512976f71639985d897D5AA78e41061,parcel_dtech
151,Aug-22,dTech,Core Contributor Rewards,Core Contributor Rewards,,9/12/2022,Salaries and other compensation,Core Contributor Rewards of dTech (August),Carla78#9313,6750,6750,USDC,Outgoing,0xaf5a1F7fCeda39A76A68708700BC93ABff9952e3,parcel_dtech
152,Aug-22,dTech,Core Contributor Rewards,Core Contributor Rewards,,9/12/2022,Salaries and other compensation,Core Contributor Rewards of dTech (August),Carla78#9313,739.34,383.3767827,ANT,Outgoing,0xaf5a1F7fCeda39A76A68708700BC93ABff9952e3,parcel_dtech
153,Aug-22,dTech,Core Contributor Rewards,Core Contributor Rewards,,9/12/2022,Salaries and other compensation,Core Contributor Rewards of dTech (August),Anson Parker#4296,6750,6750,USDC,Outgoing,0x9aB3971e1b065701C72C5f3cAFbF33118dC51ae9,parcel_dtech
154,Aug-22,dTech,Core Contributor Rewards,Core Contributor Rewards,,9/12/2022,Salaries and other compensation,Core Contributor Rewards of dTech (August),Anson Parker#4296,739.34,383.3767827,ANT,Outgoing,0x9aB3971e1b065701C72C5f3cAFbF33118dC51ae9,parcel_dtech
155,Aug-22,dTech,Core Contributor Rewards,Core Contributor Rewards,,9/12/2022,Salaries and other compensation,Core Contributor Rewards of dTech (August),barukimang#3560,6750,6750,USDC,Outgoing,0x42c9A3f034592C39028AEa70A6e69Fbc6cCf6C31,parcel_dtech
156,Aug-22,dTech,Core Contributor Rewards,Core Contributor Rewards,,9/12/2022,Salaries and other compensation,Core Contributor Rewards of dTech (August),barukimang#3560,739.34,383.3767827,ANT,Outgoing,0x42c9A3f034592C39028AEa70A6e69Fbc6cCf6C31,parcel_dtech
157,Aug-22,dTech,Other,Other,,9/12/2022,TBD,--,,4607.2,2389,ANT,Incoming,0x2394799FB1764ADE5d4628be134B9A2e13253eE3,parcel_dtech
158,Aug-22,dTech,Other,Other,,9/12/2022,TBD,--,,0,4.08E-08,ANT,Incoming,0x2394799FB1764ADE5d4628be134B9A2e13253eE3,parcel_dtech
159,Jul-22,Eagle Ops,Bounty,Finance Squad ,Finance Squad,7/29/2022,Treasury & Finance Management ,Implementing expense request process,ricktik6,,,USDC,,0xDacf1065b12849298dc5B47EcE9553094000074F,dework
160,Jul-22,Eagle Ops,Bounty,Finance Squad ,Finance Squad,7/29/2022,Treasury & Finance Management ,Implementing expense request process,ricktik6,,,ANT,,0xDacf1065b12849298dc5B47EcE9553094000074F,dework
161,Jul-22,Eagle Ops,Bounty,Finance Squad ,Finance Squad,7/29/2022,Community Development & Support,July Coordinape facilitator,ricktik6,,,ANT,,0xDacf1065b12849298dc5B47EcE9553094000074F,dework
162,Jul-22,Eagle Ops,Bounty,Finance Squad ,Finance Squad,7/29/2022,Community Development & Support,July Coordinape facilitator,ricktik6,,,USDC,,0xDacf1065b12849298dc5B47EcE9553094000074F,dework
163,Jul-22,Eagle Ops,Bounty,Finance Squad ,Finance Squad,7/29/2022,Treasury & Finance Management ,July: Providing advise / guidance within the Finance Squad,aclay.eth,,,USDC,,0x580e5E54055d087D7F012dD43e54cceaE9ce4265,dework
164,Jul-22,Eagle Ops,Bounty,Finance Squad ,Finance Squad,7/29/2022,Treasury & Finance Management ,July: Providing advise / guidance within the Finance Squad,aclay.eth,,,ANT,,0x580e5E54055d087D7F012dD43e54cceaE9ce4265,dework
165,Jul-22,Eagle Ops,Bounty,Finance Squad ,,7/29/2022,Treasury & Finance Management ,July Treasury Manager (recurring),Hammad1412,,,ANT,,0x22477DfBb4070100DB643Cb18fF6A06A186e9408,dework
166,Jul-22,Eagle Ops,Bounty,Finance Squad ,,7/29/2022,Treasury & Finance Management ,July Treasury Manager (recurring),Hammad1412,,,USDC,,0x22477DfBb4070100DB643Cb18fF6A06A186e9408,dework
167,Jul-22,Eagle Ops,Bounty,Finance Squad ,,7/29/2022,Treasury & Finance Management ,July Shadow accounting bounty (recurring),andrewfowl,,,USDC,,0xDA40F1901Cd344b9412fE25444133FdfD413a42d,dework
168,Jul-22,Eagle Ops,Bounty,Finance Squad ,,7/29/2022,Treasury & Finance Management ,July Shadow accounting bounty (recurring),andrewfowl,,,ANT,,0xDA40F1901Cd344b9412fE25444133FdfD413a42d,dework
169,Jul-22,Eagle Ops,Bounty,Growth Squad Bounties,,7/29/2022,Community Development & Support,Reddit Moderator Bounty,chidi,,,ANT,,0xa9A94e4718c045CCdf94266403aF4aDD53A2fD15,dework
170,Jul-22,Eagle Ops,Bounty,Growth Squad Bounties,,7/29/2022,Community Development & Support,Reddit Moderator Bounty,chidi,,,USDC,,0xa9A94e4718c045CCdf94266403aF4aDD53A2fD15,dework
171,Aug-22,Eagle Ops,Bounty,Growth Squad Bounties,,8/5/2022,DAO education,"Content Bounty - ""How To Guide's""",kirstin,80.45,39.6,ANT,,0xE238982EAc6221836C183450b4a10e2a418500ED,dework
172,Aug-22,Eagle Ops,Bounty,Growth Squad Bounties,,8/5/2022,DAO education,"Content Bounty - ""How To Guide's""",kirstin,720.07,720.07,USDC,,0xE238982EAc6221836C183450b4a10e2a418500ED,dework
173,Jul-22,Eagle Ops,Bounty,Operations Guild's Creator Gigs,,7/21/2022,Miscellaneous,Seeking an experienced investment DAO expert,hirsh1,30.49,17.14,ANT,,0xbA88168Abd7E9d53A03bE6Ec63f6ed30d466C451,dework
174,Jul-22,Eagle Ops,Bounty,Operations Guild's Creator Gigs,,7/21/2022,Miscellaneous,Seeking an experienced investment DAO expert,hirsh1,270,270,USDC,,0xbA88168Abd7E9d53A03bE6Ec63f6ed30d466C451,dework
175,Jul-22,Eagle Ops,Bounty,Operations Guild's Creator Gigs,,7/29/2022,Miscellaneous,Seeking an experienced art/music/culture DAO expert,jihad.eth,270,270,USDC,,0x70eCe45cDc64A768f936Ccb8aC851578251363e3,dework
176,Jul-22,Eagle Ops,Bounty,Operations Guild's Creator Gigs,,7/29/2022,Miscellaneous,Seeking an experienced art/music/culture DAO expert,jihad.eth,30.72,15.38,ANT,,0x70eCe45cDc64A768f936Ccb8aC851578251363e3,dework
177,Jul-22,Eagle Ops,Bounty,Operations Guild's Creator Gigs,,7/29/2022,Community Development & Support,POAP Master,IsraelRex,,,USDC,,0xd4ebc61981e5B9AB392b68f2638012E2346D534C,dework
178,Jul-22,Eagle Ops,Bounty,Operations Guild's Creator Gigs,,7/29/2022,Community Development & Support,POAP Master,IsraelRex,,,ANT,,0xd4ebc61981e5B9AB392b68f2638012E2346D534C,dework
179,Aug-22,Eagle Ops,Bounty,Operations Guild's Creator Gigs,,8/5/2022,Miscellaneous,Ops Secretary,sacred,90,90,USDC,,0xaaF5f63A100e843bccCCF58e2572c79BeEDc0460,dework
180,Aug-22,Eagle Ops,Bounty,Operations Guild's Creator Gigs,,8/5/2022,Miscellaneous,Ops Secretary,sacred,10.06,4.95,ANT,,0xaaF5f63A100e843bccCCF58e2572c79BeEDc0460,dework
181,Aug-22,Eagle Ops,Bounty,Operations Guild's Creator Gigs,,8/5/2022,Community Development & Support,Culture Catalyst,MaxCaspar,2700,2700,USDC,,0x577330c3AB28B6Ea0797D1552eA9edEB067C912C,dework
182,Aug-22,Eagle Ops,Bounty,Operations Guild's Creator Gigs,,8/5/2022,Community Development & Support,Culture Catalyst,MaxCaspar,301.73,148.51,ANT,,0x577330c3AB28B6Ea0797D1552eA9edEB067C912C,dework
183,Aug-22,Eagle Ops,Bounty,Operations Guild's Creator Gigs,,8/5/2022,Reporting & Insights,Data and Insights Creator,sumbo,90,90,USDC,,0xf14B772F060F1315CAce35aF31955f54952e464D,dework
184,Aug-22,Eagle Ops,Bounty,Operations Guild's Creator Gigs,,8/5/2022,Reporting & Insights,Data and Insights Creator,sumbo,10.06,4.95,ANT,,0xf14B772F060F1315CAce35aF31955f54952e464D,dework
185,Jul-22,dGov,Bounty,dGov Creator Gigs,Data Squad,7/29/2022,Governance Development & Support,JULY Governance Analysts -Performance 2/2,samkim,562,562,USDC,,0x62ccd316e91EE0A0448E97251CdfA4dc660F34dc,dework
186,Jul-22,dGov,Bounty,dGov Creator Gigs,Data Squad,7/29/2022,Governance Development & Support,JULY Governance Analysts - Baselines 2/2,samkim,562,562,USDC,,0x62ccd316e91EE0A0448E97251CdfA4dc660F34dc,dework
187,Jul-22,dGov,Bounty,dGov Creator Gigs,Data Squad,7/29/2022,Governance Development & Support,JULY Governance Analysts - Baselines 2/2,samkim,64.53,32.31,ANT,,0x62ccd316e91EE0A0448E97251CdfA4dc660F34dc,dework
188,Jul-22,dGov,Bounty,dGov Creator Gigs,Data Squad,7/29/2022,Governance Development & Support,JULY Governance Analysts -Performance 2/2,samkim,64.53,32.31,ANT,,0x62ccd316e91EE0A0448E97251CdfA4dc660F34dc,dework
189,Jul-22,dGov,Bounty,dGov Creator Gigs,Data Squad,7/29/2022,Governance Development & Support,JULY Governance Analysts -Perforamance1/2,Fabs,,,ANT,,0xbF0f24fD34bC76CD6d8Eb37cc99d4477ed3a98FB,dework
190,Jul-22,dGov,Bounty,dGov Creator Gigs,Data Squad,7/29/2022,Governance Development & Support,JULY Governance Analysts -Perforamance1/2,Fabs,,,USDC,,0xbF0f24fD34bC76CD6d8Eb37cc99d4477ed3a98FB,dework
191,Jul-22,dGov,Bounty,dGov Creator Gigs,Data Squad,7/29/2022,Governance Development & Support,JULY dGov Insight Survey,Fabs,,,ANT,,0xbF0f24fD34bC76CD6d8Eb37cc99d4477ed3a98FB,dework
192,Jul-22,dGov,Bounty,dGov Creator Gigs,Data Squad,7/29/2022,Governance Development & Support,JULY dGov Insight Survey,Fabs,,,USDC,,0xbF0f24fD34bC76CD6d8Eb37cc99d4477ed3a98FB,dework
193,Jul-22,dGov,Bounty,dGov Creator Gigs,Data Squad,7/29/2022,Governance Development & Support,JULY Governance Analysts - Baselines 1/2,Fabs,,,USDC,,0xbF0f24fD34bC76CD6d8Eb37cc99d4477ed3a98FB,dework
194,Jul-22,dGov,Bounty,dGov Creator Gigs,Data Squad,7/29/2022,Governance Development & Support,JULY Governance Analysts - Baselines 1/2,Fabs,,,ANT,,0xbF0f24fD34bC76CD6d8Eb37cc99d4477ed3a98FB,dework
195,Jul-22,dGov,Bounty,dGov Creator Gigs,Finance Squad,7/29/2022,Governance Development & Support,JULY dGov Community & Advisory Circles,ricktik6,,,USDC,,0xDacf1065b12849298dc5B47EcE9553094000074F,dework
196,Jul-22,dGov,Bounty,dGov Creator Gigs,Finance Squad,7/29/2022,Governance Development & Support,JULY dGov Community & Advisory Circles,ricktik6,,,ANT,,0xDacf1065b12849298dc5B47EcE9553094000074F,dework
197,Jul-22,dGov,Bounty,dGov Creator Gigs,,7/29/2022,Community Development & Support,JULY AMA,temitope,,,USDC,,0x17374EAF27D2646Cd39399f41bE3Bf95b4b997A9,dework
198,Jul-22,dGov,Bounty,dGov Creator Gigs,,7/29/2022,Community Development & Support,JULY AMA,temitope,,,ANT,,0x17374EAF27D2646Cd39399f41bE3Bf95b4b997A9,dework
199,Jul-22,dGov,Bounty,dGov Creator Gigs,,7/29/2022,Governance Development & Support,JULY Delegate Voting Parameters Forum Posts,ZeptimusQ,,,ANT,,0x4d5Dd4d81D773c05cE27AbA03e2f3E346c3F8E54,dework
200,Jul-22,dGov,Bounty,dGov Creator Gigs,,7/29/2022,Governance Development & Support,JULY Delegate Voting Parameters Forum Posts,ZeptimusQ,,,USDC,,0x4d5Dd4d81D773c05cE27AbA03e2f3E346c3F8E54,dework
201,Jul-22,dGov,Bounty,dGov Creator Gigs,,7/29/2022,Governance Development & Support,JULY Workshop,shawnzywonzie,,,USDC,,0xF67825D3bdE95a0Bbb1a063e06D51b79e7061C05,dework
202,Jul-22,dGov,Bounty,dGov Creator Gigs,,7/29/2022,Governance Development & Support,JULY Workshop,shawnzywonzie,,,ANT,,0xF67825D3bdE95a0Bbb1a063e06D51b79e7061C05,dework
203,Jul-22,dGov,Bounty,dGov Creator Gigs,,7/29/2022,Reporting & Insights,JULY Weekly Reporting,blockchainlore,,,ANT,,0x46DCeaf588C5a1A1759935dc07824ffA9f9a4891,dework
204,Jul-22,dGov,Bounty,dGov Creator Gigs,,7/29/2022,Reporting & Insights,JULY Weekly Reporting,blockchainlore,,,USDC,,0x46DCeaf588C5a1A1759935dc07824ffA9f9a4891,dework
205,Jul-22,dGov,Bounty,dGov Creator Gigs,,7/29/2022,Tech Support,JULY dtech Core Support,anson,,,ANT,,0x9aB3971e1b065701C72C5f3cAFbF33118dC51ae9,dework
206,Jul-22,dGov,Bounty,dGov Creator Gigs,,7/29/2022,Tech Support,JULY dtech Core Support,anson,,,USDC,,0x9aB3971e1b065701C72C5f3cAFbF33118dC51ae9,dework
207,Jul-22,dGov,Bounty,dGov Creator Gigs,,7/29/2022,DAO education,JULY Knowledge Catalysts 3/3,El,,,ANT,,0x9Bb4Bd0E683d7139bf6de998aB363A819C06A5Ed,dework
208,Jul-22,dGov,Bounty,dGov Creator Gigs,,7/29/2022,DAO education,JULY Knowledge Catalysts 3/3,El,,,USDC,,0x9Bb4Bd0E683d7139bf6de998aB363A819C06A5Ed,dework
209,Jul-22,dGov,Bounty,dGov Creator Gigs,,7/29/2022,Governance Development & Support,JULY dGov Community Awareness,FMurphy,,,ANT,,0xdF2B0B3A8db9D5DDb285bD26D296f9D78CA4cF7f,dework
210,Jul-22,dGov,Bounty,dGov Creator Gigs,,7/29/2022,Governance Development & Support,JULY dGov Community Awareness,FMurphy,,,USDC,,0xdF2B0B3A8db9D5DDb285bD26D296f9D78CA4cF7f,dework
211,Jul-22,dGov,Bounty,dGov Creator Gigs,,7/29/2022,DAO education,JULY Knowledge Caltalysts 2/3,louisa,,,USDC,,0x80221B357685A45F83DEAe0216E01421993C9485,dework
212,Jul-22,dGov,Bounty,dGov Creator Gigs,,7/29/2022,DAO education,JULY Knowledge Caltalysts 2/3,louisa,,,ANT,,0x80221B357685A45F83DEAe0216E01421993C9485,dework
213,Jul-22,dGov,Bounty,dGov Creator Gigs,,7/29/2022,DAO education,JULY Knowledge Calalysts 1/3,MikeAnanyin[MetaBelarus],,,USDC,,0x6bD6FFD1c35A3F9732167D900bA38227253Ba913,dework
214,Jul-22,dGov,Bounty,dGov Creator Gigs,,7/29/2022,DAO education,JULY Knowledge Calalysts 1/3,MikeAnanyin[MetaBelarus],,,ANT,,0x6bD6FFD1c35A3F9732167D900bA38227253Ba913,dework
215,Aug-22,dGov,Bounty,dGov Creator Gigs,,8/5/2022,DAO education,AUG S2 Reading Content Approved Articles,jugaadbhatia-18562,32.69,16.09,ANT,,0x09A7A49ca1807842E06636D6B38E64C1E7cDAAC4,dework
216,Aug-22,dGov,Bounty,dGov Creator Gigs,,8/5/2022,DAO education,AUG S2 Reading Content Approved Articles,jugaadbhatia-18562,292.5,292.5,USDC,,0x09A7A49ca1807842E06636D6B38E64C1E7cDAAC4,dework
217,Jul-22,dTech,Bounty,Aragon Technical Documentation,,7/21/2022,DAO education,Review/ Test Tech Doc. IV Part Dev (Govern + Vocdoni) (DTG.P2.M5.N9),Carla78,504,504,USDC,,0x6290D92321bD02f725e65633CbDdbda6205253fe,dework
218,Jul-22,dTech,Bounty,Aragon Technical Documentation,,7/21/2022,DAO education,Review/ Test Tech Doc. IV Part Dev (Govern + Vocdoni) (DTG.P2.M5.N9),Carla78,56.92,32,ANT,,0x6290D92321bD02f725e65633CbDdbda6205253fe,dework
219,Jul-22,dTech,Bounty,Aragon Technical Documentation,,7/21/2022,Community Development & Support,Native speaker Translation Fundamentals + Aragon Client Docs into Español (DTG.P2.M6.N39),camel,450,450,USDC,,0x4a0a163d6b11B289075e667abf74118EFA4DB999,dework
220,Jul-22,dTech,Bounty,Aragon Technical Documentation,,7/21/2022,Community Development & Support,Native speaker Translation Fundamentals + Aragon Client Docs into Español (DTG.P2.M6.N39),camel,50.82,28.57,ANT,,0x4a0a163d6b11B289075e667abf74118EFA4DB999,dework
221,Jul-22,dTech,Bounty,Aragon Technical Documentation,,7/21/2022,DAO education,Proofread Tech Doc. IV Part Dev. (Govern + Vocdoni) - Native English Review (DTG.P2.M6.N4),anson,,,USDC,,0x9aB3971e1b065701C72C5f3cAFbF33118dC51ae9,dework
222,Jul-22,dTech,Bounty,Aragon Technical Documentation,,7/21/2022,DAO education,Proofread Tech Doc. IV Part Dev. (Govern + Vocdoni) - Native English Review (DTG.P2.M6.N4),anson,,,ANT,,0x9aB3971e1b065701C72C5f3cAFbF33118dC51ae9,dework
223,Jul-22,dTech,Bounty,dTech Creator Gigs,,7/21/2022,DAO education,Presenting 'How to Create a Legal Wrapper' Video (DTG.P1.M6.N474),Artemis Marsian,90,90,USDC,,0xC9a65e802571fB8F63DdC744f987e7860DcBEb04,dework
224,Jul-22,dTech,Bounty,dTech Creator Gigs,,7/21/2022,DAO education,Presenting 'How to Create a Legal Wrapper' Video (DTG.P1.M6.N474),Artemis Marsian,10.16,5.71,ANT,,0xC9a65e802571fB8F63DdC744f987e7860DcBEb04,dework
225,Jul-22,dTech,Bounty,dTech Creator Gigs,,7/21/2022,Community Development & Support,Native speaker Translation Fundamentals + Aragon Client Docs into French (DTG.P2.M6.N41),remyMSG-23124,50.82,28.57,ANT,,0x593FA1B0C7E4367fbd7DA113A3C1de3B57201aD9,dework
226,Jul-22,dTech,Bounty,dTech Creator Gigs,,7/21/2022,Community Development & Support,Native speaker Translation Fundamentals + Aragon Client Docs into French (DTG.P2.M6.N41),remyMSG-23124,450,450,USDC,,0x593FA1B0C7E4367fbd7DA113A3C1de3B57201aD9,dework
227,Jul-22,Community,Bounty,Community Experience Squad Open Bounties,Data Squad,7/12/2022,Miscellaneous,10% ANT,Fabs,,,ANT,,0xbF0f24fD34bC76CD6d8Eb37cc99d4477ed3a98FB,dework
228,Jul-22,Community,Bounty,Community Experience Squad Open Bounties,Data Squad,7/12/2022,Community Development & Support,Self Care with Fabs,Fabs,,,USDC,,0xbF0f24fD34bC76CD6d8Eb37cc99d4477ed3a98FB,dework
229,Jul-22,Community,Bounty,Community Experience Squad Open Bounties,,7/12/2022,Community Development & Support,AMA coordination,temitope,,,USDC,,0x17374EAF27D2646Cd39399f41bE3Bf95b4b997A9,dework
230,Jul-22,Community,Bounty,Community Experience Squad Open Bounties,,7/12/2022,Miscellaneous,10% ANT,temitope,,,ANT,,0x17374EAF27D2646Cd39399f41bE3Bf95b4b997A9,dework
231,Jun-22,Eagle Ops,Bounty,Finance Squad ,Finance Squad,6/16/2022,Miscellaneous,ANT,ricktik6,,,ANT,,0xDacf1065b12849298dc5B47EcE9553094000074F,dework
232,Jun-22,Eagle Ops,Bounty,Finance Squad ,Finance Squad,6/16/2022,Community Development & Support,May Coordinape facilitator,ricktik6,,,USDC,,0xDacf1065b12849298dc5B47EcE9553094000074F,dework
233,Jun-22,Eagle Ops,Bounty,Finance Squad ,Finance Squad,6/16/2022,Miscellaneous,ANT split,aclay.eth,,,ANT,,0x580e5E54055d087D7F012dD43e54cceaE9ce4265,dework
234,Jun-22,Eagle Ops,Bounty,Finance Squad ,Finance Squad,6/16/2022,Treasury & Finance Management ,May: Providing advise / guidance within the Finance Squad,aclay.eth,,,USDC,,0x580e5E54055d087D7F012dD43e54cceaE9ce4265,dework
235,Jun-22,Eagle Ops,Bounty,Finance Squad ,Finance Squad,6/16/2022,Treasury & Finance Management ,April: Providing advise / guidance within the Finance Squa,aclay.eth,,,USDC,,0x580e5E54055d087D7F012dD43e54cceaE9ce4265,dework
236,Jun-22,Eagle Ops,Bounty,Finance Squad ,Finance Squad,6/16/2022,Miscellaneous,ANT split,aclay.eth,,,ANT,,0x580e5E54055d087D7F012dD43e54cceaE9ce4265,dework
237,Jul-22,Eagle Ops,Bounty,Finance Squad ,Finance Squad,7/12/2022,Miscellaneous,ANT,ricktik6,,,ANT,,0xDacf1065b12849298dc5B47EcE9553094000074F,dework
238,Jul-22,Eagle Ops,Bounty,Finance Squad ,Finance Squad,7/12/2022,Miscellaneous,ANT,ricktik6,,,ANT,,0xDacf1065b12849298dc5B47EcE9553094000074F,dework
239,Jul-22,Eagle Ops,Bounty,Finance Squad ,Finance Squad,7/12/2022,Community Development & Support,June Coordinape facilitator,ricktik6,,,USDC,,0xDacf1065b12849298dc5B47EcE9553094000074F,dework
240,Jul-22,Eagle Ops,Bounty,Finance Squad ,Finance Squad,7/12/2022,Treasury & Finance Management ,"June: Implementing a new payment tool, before end of S1",ricktik6,,,USDC,,0xDacf1065b12849298dc5B47EcE9553094000074F,dework
241,Jul-22,Eagle Ops,Bounty,Finance Squad ,Finance Squad,7/12/2022,Treasury & Finance Management ,June: Providing advise / guidance within the Finance Squad,aclay.eth,,,USDC,,0x580e5E54055d087D7F012dD43e54cceaE9ce4265,dework
242,Jul-22,Eagle Ops,Bounty,Finance Squad ,Finance Squad,7/12/2022,Miscellaneous,ANT split,aclay.eth,,,ANT,,0x580e5E54055d087D7F012dD43e54cceaE9ce4265,dework
243,Jul-22,Eagle Ops,Bounty,Growth Squad Bounties,,7/12/2022,DAO education,Content Bounty,kirstin,360,360,USDC,,0xE238982EAc6221836C183450b4a10e2a418500ED,dework
244,Jul-22,Eagle Ops,Bounty,Growth Squad Bounties,,7/12/2022,Miscellaneous,ANT,kirstin,38.82,25.48,ANT,,0xE238982EAc6221836C183450b4a10e2a418500ED,dework
245,Jun-22,Eagle Ops,Bounty,Operations Guild's Creator Gigs,,6/19/2022,Miscellaneous,ANT,Baseballbatman,25.4,15.04,ANT,,0xC3DA3DE2746A86a28C562e1B58388C3949ed04Cc,dework
246,Jun-22,Eagle Ops,Bounty,Operations Guild's Creator Gigs,,6/19/2022,DAO education,"Translation of ""How to DAO: Answers for Beginners"" article to Russian",Baseballbatman,180,180,USDC,,0xC3DA3DE2746A86a28C562e1B58388C3949ed04Cc,dework
247,Jun-22,Eagle Ops,Bounty,Operations Guild's Creator Gigs,,6/19/2022,DAO education,"Translation of ""DAOs as Purpose-Led Organizations"" article to Russian",Openlake,180,180,USDC,,0xf1AC23b5Ee73708FF730c6DF2F5decB9a32DD3f0,dework
248,Jun-22,Eagle Ops,Bounty,Operations Guild's Creator Gigs,,6/19/2022,Miscellaneous,ANT,Openlake,25.4,15.04,ANT,,0xf1AC23b5Ee73708FF730c6DF2F5decB9a32DD3f0,dework
249,Jun-22,Eagle Ops,Bounty,Operations Guild's Creator Gigs,,6/19/2022,Miscellaneous,ANT,supermaria,25.4,15.04,ANT,,0xBf34184EBf6c2FB935d7b44AAE17d418652B6686,dework
250,Jun-22,Eagle Ops,Bounty,Operations Guild's Creator Gigs,,6/19/2022,DAO education,"Translation of ""DAOs as Purpose-Led Organizations"" article to Ukrainian",supermaria,180,180,USDC,,0xBf34184EBf6c2FB935d7b44AAE17d418652B6686,dework
251,Jun-22,Eagle Ops,Bounty,Operations Guild's Creator Gigs,,6/19/2022,Miscellaneous,ANT,DUMBRED,25.4,15.04,ANT,,0xBA26BffF2D0677110BE96f3d70d5cAF5D45E6ff0,dework
252,Jun-22,Eagle Ops,Bounty,Operations Guild's Creator Gigs,,6/19/2022,DAO education,"Translation of ""How to DAO: Answers for Beginners"" article to Ukrainian",DUMBRED,180,180,USDC,,0xBA26BffF2D0677110BE96f3d70d5cAF5D45E6ff0,dework
253,Jun-22,Eagle Ops,Bounty,Operations Guild's Creator Gigs,,6/19/2022,Miscellaneous,ANT,Burber.Sergiy,25.4,15.04,ANT,,0x80e8caE452aFfd226aB8Da98BA0137F358e7d67B,dework
254,Jun-22,Eagle Ops,Bounty,Operations Guild's Creator Gigs,,6/19/2022,DAO education,"Translation of ""What is a DAO?"" article to Russian",Burber.Sergiy,180,180,USDC,,0x80e8caE452aFfd226aB8Da98BA0137F358e7d67B,dework
255,Jun-22,Eagle Ops,Bounty,Operations Guild's Creator Gigs,,6/19/2022,Miscellaneous,ANT,korzhon,25.4,15.04,ANT,,0x945a72e8A8d6DFB56D49C8da98Ad4E53b3Bd9C28,dework
256,Jun-22,Eagle Ops,Bounty,Operations Guild's Creator Gigs,,6/19/2022,DAO education,"Translation of ""What Is It Like to Join a DAO?"" article to Ukrainian",korzhon,180,180,USDC,,0x945a72e8A8d6DFB56D49C8da98Ad4E53b3Bd9C28,dework
257,Jun-22,Eagle Ops,Bounty,Operations Guild's Creator Gigs,,6/19/2022,Miscellaneous,ANT,Romko,25.4,15.04,ANT,,0x7292667C8A55bd56d496D2EDcB5Cfb37D554f943,dework
258,Jun-22,Eagle Ops,Bounty,Operations Guild's Creator Gigs,,6/19/2022,DAO education,"Translation of ""How to Join a DAO"" article to Ukrainian",Romko,180,180,USDC,,0x7292667C8A55bd56d496D2EDcB5Cfb37D554f943,dework
259,Jun-22,Eagle Ops,Bounty,Operations Guild's Creator Gigs,,6/19/2022,DAO education,Ukraine Translation,DeFiniTed,450,450,USDC,,0xcFBFC9540eb93A8Df2ac917b677635825FCD70ac,dework
260,Jun-22,Eagle Ops,Bounty,Operations Guild's Creator Gigs,,6/19/2022,Miscellaneous,ANT,DeFiniTed,63.49,37.59,ANT,,0xcFBFC9540eb93A8Df2ac917b677635825FCD70ac,dework
261,Jun-22,Eagle Ops,Bounty,Operations Guild's Creator Gigs,,6/19/2022,DAO education,"Translation of ""What is a DAO?"" article to Ukrainian",Azub,180,180,USDC,,0x7C50aCcd5125d846Bc49A71D77E366De2eFbd222,dework
262,Jun-22,Eagle Ops,Bounty,Operations Guild's Creator Gigs,,6/19/2022,Miscellaneous,ANT,Azub,25.4,15.04,ANT,,0x7C50aCcd5125d846Bc49A71D77E366De2eFbd222,dework
263,Jun-22,Eagle Ops,Bounty,Operations Guild's Creator Gigs,,6/19/2022,DAO education,"Translation of ""How to Join a DAO"" article to Russian",callsense,180,180,USDC,,0x0aEAf6522Ca53032647e4432B6BEE722bc7AAc0e,dework
264,Jun-22,Eagle Ops,Bounty,Operations Guild's Creator Gigs,,6/19/2022,Miscellaneous,ANT,callsense,25.4,15.04,ANT,,0x0aEAf6522Ca53032647e4432B6BEE722bc7AAc0e,dework
265,Jul-22,Eagle Ops,Bounty,Operations Guild's Creator Gigs,,7/12/2022,Miscellaneous,ANT,grasshopper239,29.12,19.11,ANT,,0xE97E27615Ab47aF86db5De70e80DcA7241A7DaBC,dework
266,Jul-22,Eagle Ops,Bounty,Operations Guild's Creator Gigs,,7/12/2022,Reporting & Insights,Data labelling 50 DAOs built on Aragon Client,grasshopper239,270,270,USDC,,0xE97E27615Ab47aF86db5De70e80DcA7241A7DaBC,dework
267,Jul-22,Eagle Ops,Bounty,Operations Guild's Creator Gigs,,7/12/2022,Miscellaneous,Scribe for Ops,sacred,90,90,USDC,,0xaaF5f63A100e843bccCCF58e2572c79BeEDc0460,dework
268,Jul-22,Eagle Ops,Bounty,Operations Guild's Creator Gigs,,7/12/2022,Miscellaneous,10% ANT,sacred,9.71,6.37,ANT,,0xaaF5f63A100e843bccCCF58e2572c79BeEDc0460,dework
269,Jul-22,Eagle Ops,Bounty,Operations Guild's Creator Gigs,,7/12/2022,Community Development & Support,POAP Master,IsraelRex,,,USDC,,0xd4ebc61981e5B9AB392b68f2638012E2346D534C,dework
270,Jul-22,Eagle Ops,Bounty,Operations Guild's Creator Gigs,,7/12/2022,Miscellaneous,10% ANT,IsraelRex,,,ANT,,0xd4ebc61981e5B9AB392b68f2638012E2346D534C,dework
271,Jul-22,Eagle Ops,Bounty,Operations Guild's Creator Gigs,,7/12/2022,Community Development & Support,Culture Catalyst,MaxCaspar,2700,2700,USDC,,0x577330c3AB28B6Ea0797D1552eA9edEB067C912C,dework
272,Jul-22,Eagle Ops,Bounty,Operations Guild's Creator Gigs,,7/12/2022,Miscellaneous,10% ANT,MaxCaspar,291.14,191.08,ANT,,0x577330c3AB28B6Ea0797D1552eA9edEB067C912C,dework
273,Jul-22,Eagle Ops,Bounty,Operations Guild's Creator Gigs,,7/12/2022,Miscellaneous,10% ANT,sumbo,9.71,6.37,ANT,,0xf14B772F060F1315CAce35aF31955f54952e464D,dework
274,Jul-22,Eagle Ops,Bounty,Operations Guild's Creator Gigs,,7/12/2022,Reporting & Insights,Data Analytics Creator Gig,sumbo,90,90,USDC,,0xf14B772F060F1315CAce35aF31955f54952e464D,dework
275,Jul-22,Eagle Ops,Bounty,Operations Guild's Creator Gigs,,7/12/2022,DAO education,"Translation of ""What Is It Like to Join a DAO?"" article to Russian",Evgeniya4V,180,180,USDC,,0x3b9A83D530d6CF5a00A658973ABa99AFA75F2A98,dework
276,Jul-22,Eagle Ops,Bounty,Operations Guild's Creator Gigs,,7/12/2022,Miscellaneous,ANT,Evgeniya4V,19.41,12.74,ANT,,0x3b9A83D530d6CF5a00A658973ABa99AFA75F2A98,dework
277,Jul-22,Eagle Ops,Bounty,Operations Guild's Creator Gigs,,7/12/2022,Miscellaneous,10% ANT,barukimang,48.53,31.85,ANT,,0x42c9A3f034592C39028AEa70A6e69Fbc6cCf6C31,dework
278,Jul-22,Eagle Ops,Bounty,Operations Guild's Creator Gigs,,7/12/2022,Miscellaneous,Humanode integration with Aragon (P1.M2.N1),barukimang,450,450,USDC,,0x42c9A3f034592C39028AEa70A6e69Fbc6cCf6C31,dework
279,Jul-22,dGov,Bounty,dGov Creator Gigs,Data Squad,7/12/2022,Governance Development & Support,June Governance Analysts,samkim,382.5,382.5,USDC,,0x62ccd316e91EE0A0448E97251CdfA4dc660F34dc,dework
280,Jul-22,dGov,Bounty,dGov Creator Gigs,Data Squad,7/12/2022,Governance Development & Support,June Governance Analysts (Copy),samkim,41.24,27.07,ANT,,0x62ccd316e91EE0A0448E97251CdfA4dc660F34dc,dework
281,Jul-22,dGov,Bounty,dGov Creator Gigs,Data Squad,7/12/2022,Governance Development & Support,June Goverance Analysts,Fabs,,,USDC,,0xbF0f24fD34bC76CD6d8Eb37cc99d4477ed3a98FB,dework
282,Jul-22,dGov,Bounty,dGov Creator Gigs,Data Squad,7/12/2022,Governance Development & Support,June Baseline Survey,Fabs,,,USDC,,0xbF0f24fD34bC76CD6d8Eb37cc99d4477ed3a98FB,dework
283,Jul-22,dGov,Bounty,dGov Creator Gigs,Data Squad,7/12/2022,Governance Development & Support,June Baseline Survey (Copy),Fabs,,,ANT,,0xbF0f24fD34bC76CD6d8Eb37cc99d4477ed3a98FB,dework
284,Jul-22,dGov,Bounty,dGov Creator Gigs,Data Squad,7/12/2022,Governance Development & Support,June Governance Analysts (Copy),Fabs,,,ANT,,0xbF0f24fD34bC76CD6d8Eb37cc99d4477ed3a98FB,dework
285,Jul-22,dGov,Bounty,dGov Creator Gigs,Finance Squad,7/12/2022,Governance Development & Support,May June dGov Coordinape (Copy),ricktik6,,,ANT,,0xDacf1065b12849298dc5B47EcE9553094000074F,dework
286,Jul-22,dGov,Bounty,dGov Creator Gigs,Finance Squad,7/12/2022,Governance Development & Support,May June dGov Coordinape,ricktik6,,,USDC,,0xDacf1065b12849298dc5B47EcE9553094000074F,dework
287,Jul-22,dGov,Bounty,dGov Creator Gigs,,7/12/2022,Community Development & Support,June AMA Coordination (Copy),temitope,,,ANT,,0x17374EAF27D2646Cd39399f41bE3Bf95b4b997A9,dework
288,Jul-22,dGov,Bounty,dGov Creator Gigs,,7/12/2022,Community Development & Support,June AMA Coordination,temitope,,,USDC,,0x17374EAF27D2646Cd39399f41bE3Bf95b4b997A9,dework
289,Jul-22,dGov,Bounty,dGov Creator Gigs,,7/12/2022,Governance Development & Support,June Governance Process Communication Support (Copy),BryanMutai,48.53,31.85,ANT,,0xE27F2E8321Fb4c32525a4ED86d2902dbA63491E4,dework
290,Jul-22,dGov,Bounty,dGov Creator Gigs,,7/12/2022,Governance Development & Support,June Governance Process Communication Support,BryanMutai,450,450,USDC,,0xE27F2E8321Fb4c32525a4ED86d2902dbA63491E4,dework
291,Jul-22,dGov,Bounty,dGov Creator Gigs,,7/12/2022,Community Development & Support,June Campfire #1 Lead,Incandenza,225,225,USDC,,0x91bfd8A63e1ae35AaaF44420a169F46dcE74d138,dework
292,Jul-22,dGov,Bounty,dGov Creator Gigs,,7/12/2022,Community Development & Support,June Campfire #1 Lead (Copy),Incandenza,24.26,15.92,ANT,,0x91bfd8A63e1ae35AaaF44420a169F46dcE74d138,dework
293,Jul-22,dGov,Bounty,dGov Creator Gigs,,7/12/2022,Governance Development & Support,June Workshops Coordination (Copy),shawnzywonzie,,,ANT,,0xF67825D3bdE95a0Bbb1a063e06D51b79e7061C05,dework
294,Jul-22,dGov,Bounty,dGov Creator Gigs,,7/12/2022,Governance Development & Support,June Workshops Coordination,shawnzywonzie,,,USDC,,0xF67825D3bdE95a0Bbb1a063e06D51b79e7061C05,dework
295,Jul-22,dGov,Bounty,dGov Creator Gigs,,7/12/2022,Governance Development & Support,June Governance Secretary,blockchainlore,,,USDC,,0x46DCeaf588C5a1A1759935dc07824ffA9f9a4891,dework
296,Jul-22,dGov,Bounty,dGov Creator Gigs,,7/12/2022,Governance Development & Support,June Governance Secretary (Copy),blockchainlore,,,ANT,,0x46DCeaf588C5a1A1759935dc07824ffA9f9a4891,dework
297,Jul-22,dGov,Bounty,dGov Creator Gigs,,7/12/2022,Tech Support,June dTech Core Support,anson,,,USDC,,0x9aB3971e1b065701C72C5f3cAFbF33118dC51ae9,dework
298,Jul-22,dGov,Bounty,dGov Creator Gigs,,7/12/2022,Tech Support,June dTech Core Support (Copy),anson,,,ANT,,0x9aB3971e1b065701C72C5f3cAFbF33118dC51ae9,dework
299,Jul-22,dGov,Bounty,dGov Creator Gigs,,7/12/2022,Governance Development & Support,June Proposal Tracking (Copy),Spectra CryptoVerse,48.53,31.85,ANT,,0x96FBd75834FD9498f8b1E485D29541e74b8E6Ac7,dework
300,Jul-22,dGov,Bounty,dGov Creator Gigs,,7/12/2022,Governance Development & Support,June Proposal Tracking,Spectra CryptoVerse,450,450,USDC,,0x96FBd75834FD9498f8b1E485D29541e74b8E6Ac7,dework
301,Jul-22,dGov,Bounty,dGov Creator Gigs,,7/12/2022,DAO education,June Knowledge Catalyst (Copy),El,,,ANT,,0x9Bb4Bd0E683d7139bf6de998aB363A819C06A5Ed,dework
302,Jul-22,dGov,Bounty,dGov Creator Gigs,,7/12/2022,DAO education,June Knowledge Catalyst,El,,,USDC,,0x9Bb4Bd0E683d7139bf6de998aB363A819C06A5Ed,dework
303,Jul-22,dGov,Bounty,dGov Creator Gigs,,7/12/2022,Governance Development & Support,June Baseline Survey (Copy),FMurphy,,,ANT,,0xdF2B0B3A8db9D5DDb285bD26D296f9D78CA4cF7f,dework
304,Jul-22,dGov,Bounty,dGov Creator Gigs,,7/12/2022,Community Development & Support,June  Growth Coordination,FMurphy,,,USDC,,0xdF2B0B3A8db9D5DDb285bD26D296f9D78CA4cF7f,dework
305,Jul-22,dGov,Bounty,dGov Creator Gigs,,7/12/2022,Community Development & Support,June  Growth Coordination (Copy),FMurphy,,,ANT,,0xdF2B0B3A8db9D5DDb285bD26D296f9D78CA4cF7f,dework
306,Jul-22,dGov,Bounty,dGov Creator Gigs,,7/12/2022,Governance Development & Support,June Baseline Survey,FMurphy,,,USDC,,0xdF2B0B3A8db9D5DDb285bD26D296f9D78CA4cF7f,dework
307,Jul-22,dGov,Bounty,dGov Creator Gigs,,7/12/2022,Community Development & Support,June Campfire #1 Support,Renzo D5,135,135,USDC,,0x489aDd7680605f6Fc4806595CD75E65D7F1675Eb,dework
308,Jul-22,dGov,Bounty,dGov Creator Gigs,,7/12/2022,Community Development & Support,June Campfire #1 Support (Copy),Renzo D5,14.55,9.55,ANT,,0x489aDd7680605f6Fc4806595CD75E65D7F1675Eb,dework
309,Jul-22,dGov,Bounty,dGov Creator Gigs,,7/12/2022,Governance Development & Support,June dGov upload to deWork,Anukriti,225,225,USDC,,0xaE8b5F6638a8F3C76E2F4656cfd2B0b523307302,dework
310,Jul-22,dGov,Bounty,dGov Creator Gigs,,7/12/2022,Governance Development & Support,June dGov upload to deWork (Copy),Anukriti,24.26,15.92,ANT,,0xaE8b5F6638a8F3C76E2F4656cfd2B0b523307302,dework
311,Jul-22,dGov,Bounty,dGov Creator Gigs,,7/12/2022,DAO education,June Knowledge Catalyst (Copy),MikeAnanyin[MetaBelarus],,,ANT,,0x6bD6FFD1c35A3F9732167D900bA38227253Ba913,dework
312,Jul-22,dGov,Bounty,dGov Creator Gigs,,7/12/2022,DAO education,June Knowledge Catalyst,MikeAnanyin[MetaBelarus],,,USDC,,0x6bD6FFD1c35A3F9732167D900bA38227253Ba913,dework
313,Jul-22,dTech,Bounty,Aragon Technical Documentation,,7/12/2022,DAO education,"Fast check Tech Doc. V Part Dev. - Apps, API, ACL, UI  (DTG.P2.M6.N348)",Carla78,180,180,USDC,,0x6290D92321bD02f725e65633CbDdbda6205253fe,dework
314,Jul-22,dTech,Bounty,Aragon Technical Documentation,,7/12/2022,Miscellaneous,DTG.P2.M6.N40 10% ANT,Carla78,31.05,20.38,ANT,,0x6290D92321bD02f725e65633CbDdbda6205253fe,dework
315,Jul-22,dTech,Bounty,Aragon Technical Documentation,,7/12/2022,Miscellaneous,DTG.P2.M5.N6 10% ANT,Carla78,93.17,61.15,ANT,,0x6290D92321bD02f725e65633CbDdbda6205253fe,dework
316,Jul-22,dTech,Bounty,Aragon Technical Documentation,,7/12/2022,DAO education,"Importing Tech Doc. V Part Dev. - Apps, API, ACL, UI (DTG.P2.M5.N6)",Carla78,864,864,USDC,,0x6290D92321bD02f725e65633CbDdbda6205253fe,dework
317,Jul-22,dTech,Bounty,Aragon Technical Documentation,,7/12/2022,Miscellaneous,DTG.P2.M6.N348 10% ANT,Carla78,19.41,12.74,ANT,,0x6290D92321bD02f725e65633CbDdbda6205253fe,dework
318,Jul-22,dTech,Bounty,Aragon Technical Documentation,,7/12/2022,DAO education,AI Translation Fundamentals + Aragon Client Docs into French (DTG.P2.M6.N40),Carla78,288,288,USDC,,0x6290D92321bD02f725e65633CbDdbda6205253fe,dework
319,Jul-22,dTech,Bounty,Aragon Technical Documentation,,7/12/2022,DAO education,AI Translation Fundamentals + Aragon Client Docs into Español (DTG.P2.M6.N38),Carla78,288,288,USDC,,0x6290D92321bD02f725e65633CbDdbda6205253fe,dework
320,Jul-22,dTech,Bounty,Aragon Technical Documentation,,7/12/2022,Miscellaneous,DTG.P2.M6.N38 10% ANT,Carla78,31.05,20.38,ANT,,0x6290D92321bD02f725e65633CbDdbda6205253fe,dework
321,Jul-22,dTech,Bounty,Aragon Technical Documentation,,7/12/2022,DAO education,Recreating/ Debugging Tech Doc. IV Part Dev (Govern + Vocdoni) (DTG.P2.M5.N8),barukimang,864,864,USDC,,0x42c9A3f034592C39028AEa70A6e69Fbc6cCf6C31,dework
322,Jul-22,dTech,Bounty,Aragon Technical Documentation,,7/12/2022,Miscellaneous,DTG.P2.M5.N8 10% ANT,barukimang,93.17,61.15,ANT,,0x42c9A3f034592C39028AEa70A6e69Fbc6cCf6C31,dework
323,Jul-22,dTech,Bounty,dTech Creator Gigs,,7/12/2022,Tech Support,June Team Development (DTG.P1.M6.N31),tony.alpha ??,900,900,USDC,,0xADc73EB8E4673e5FD5A9c709c4379c074991F2D3,dework
324,Jul-22,dTech,Bounty,dTech Creator Gigs,,7/12/2022,DAO education,Walk a client  through building a DAO for Otoco integration (DTG.P1.M5.N7),tony.alpha ??,315,315,USDC,,0xADc73EB8E4673e5FD5A9c709c4379c074991F2D3,dework
325,Jul-22,dTech,Bounty,dTech Creator Gigs,,7/12/2022,Miscellaneous,DTG.P1.M6.N31 10% ANT,tony.alpha ??,97.04,63.69,ANT,,0xADc73EB8E4673e5FD5A9c709c4379c074991F2D3,dework
326,Jul-22,dTech,Bounty,dTech Creator Gigs,,7/12/2022,Miscellaneous,DTG.P1.M5.N7 10% ANT,tony.alpha ??,33.96,22.29,ANT,,0xADc73EB8E4673e5FD5A9c709c4379c074991F2D3,dework
327,Jul-22,dTech,Bounty,dTech Creator Gigs,,7/12/2022,Miscellaneous,DTG.P2.M5.N2 10% ANT,aakansha.eth,58.23,38.22,ANT,,0x06A1E83832aD7De314b4f82EfbC9591D0670A1e2,dework
328,Jul-22,dTech,Bounty,dTech Creator Gigs,,7/12/2022,Tech Support,June Team Development (DTG.P1.M6.N31),aakansha.eth,900,900,USDC,,0x06A1E83832aD7De314b4f82EfbC9591D0670A1e2,dework
329,Jul-22,dTech,Bounty,dTech Creator Gigs,,7/12/2022,DAO education,Community review Tech Doc. III Part Dev. (CLI) 1/2 (DTG.P2.M5.N2),aakansha.eth,540,540,USDC,,0x06A1E83832aD7De314b4f82EfbC9591D0670A1e2,dework
330,Jul-22,dTech,Bounty,dTech Creator Gigs,,7/12/2022,Miscellaneous,DTG.P1.M6.N31 10% ANT,aakansha.eth,97.04,63.69,ANT,,0x06A1E83832aD7De314b4f82EfbC9591D0670A1e2,dework
331,Jul-22,dTech,Bounty,dTech Creator Gigs,,7/12/2022,Miscellaneous,DTG.P2.M5.N3 10% ANT,SoulGenesis,58.23,38.22,ANT,,0xfbD8eb2aAd1cbFca38E33917B0CD70981172bf1B,dework
332,Jul-22,dTech,Bounty,dTech Creator Gigs,,7/12/2022,DAO education,Community review Tech Doc. III Part Dev. (CLI) 2/2 (DTG.P2.M5.N3),SoulGenesis,540,540,USDC,,0xfbD8eb2aAd1cbFca38E33917B0CD70981172bf1B,dework
333,Jul-22,dTech,Bounty,dTech Creator Gigs,,7/12/2022,Miscellaneous,DTG.P1.M5.N10 ANT 10%,clara.ruiz6,9.71,6.37,ANT,,0x8504084627C9145b2A3e24b6E4f925195C97CB5A,dework
334,Jul-22,dTech,Bounty,dTech Creator Gigs,,7/12/2022,DAO education,Creating Visual Docs (DTG.P1.M5.N10),clara.ruiz6,90,90,USDC,,0x8504084627C9145b2A3e24b6E4f925195C97CB5A,dework
